Pokemon,VGCusage2022,VGCusage2023,VGCusage2024
zacian-crowned,60.39172,,3.39879
incineroar,58.57608,,36.81468
kyogre,49.39676,,9.08174
regieleki,33.66805,11.84415,0.70705
grimmsnarl,26.28657,7.78893,1.27286
thundurus,23.09388,10.21401,1.06003
venusaur,20.83915,,0.4441
rillaboom,19.39555,22.8907,22.31496
landorus-therian,17.76942,26.52714,4.23346
amoonguss,17.61546,27.2443,19.88122
tornadus,16.68113,32.57582,26.15361
calyrex-shadow,16.04262,,20.12318
groudon,15.20876,,8.31136
yveltal,13.2318,,
calyrex-ice,12.16652,,20.95435
zapdos,11.40017,4.02741,0.21902
whimsicott,11.25129,,4.8996
indeedee-f,8.37202,16.45373,12.08637
gastrodon,7.82964,5.17612,0.50757
mimikyu,7.80711,6.95279,0.14732
urshifu,7.57563,9.56383,24.98031
porygon2,7.25008,,2.25316
charizard,7.17374,0.44681,0.04722
ferrothorn,6.54774,,
urshifu-rapid-strike,5.86298,48.97556,25.61987
solgaleo,5.47243,,0.1295
kartana,5.44858,,
palkia,5.19095,,0.06952
raichu,5.14672,0.23088,0.04308
dialga,4.95032,,0.03591
seismitoad,4.77767,,
blastoise,3.58274,,0.14874
rotom-heat,3.29645,0.70774,0.00974
torkoal,3.17307,14.95923,5.22535
dusclops,3.16546,1.47095,0.52334
ditto,3.09842,0.0,0.02251
spectrier,2.8511,1.07341,0.13724
tapu-fini,2.47022,,
kyurem-white,2.31124,,1.09887
rayquaza,2.20909,,1.54044
coalossal,1.97583,0.2083,0.05464
tapu-lele,1.91872,,
lunala,1.90593,,3.64915
dragapult,1.86568,1.53354,1.21768
xerneas,1.62003,,
necrozma-dusk-mane,1.60499,,0.1819
mamoswine,1.53715,0.54666,0.14194
kingdra,1.5165,,0.22696
gothitelle,1.45785,4.23636,0.43794
suicune,1.45767,,0.66491
ho-oh,1.36268,,0.68097
entei,1.32902,,12.61883
metagross,1.30383,,3.47905
eternatus,1.30324,,0.64711
weezing,1.28674,0.80234,0.49809
zygarde,1.22946,,
volcarona,1.19954,9.58417,0.77955
cinderace,1.17612,0.07588,0.00751
lapras,1.16696,,0.02388
moltres-galar,1.16687,3.60211,1.25364
regigigas,1.12698,,0.17347
umbreon,1.05996,0.46572,0.04294
zamazenta-crowned,1.03373,,4.12203
tsareena,1.02049,0.21533,0.45484
comfey,0.95397,,0.79791
sableye,0.9337,2.27836,0.34594
reshiram,0.93208,,0.12528
stakataka,0.86669,,
tapu-koko,0.84391,,
clefairy,0.8427,3.27868,0.52346
togekiss,0.84174,,
bronzong,0.80839,0.37017,0.37422
zekrom,0.79884,,0.03156
celesteela,0.76855,,
glastrier,0.6861,2.65695,0.1538
araquanid,0.68469,,1.03427
shedinja,0.65669,,
lugia,0.62118,,0.26919
pheromosa,0.6098,,
indeedee,0.58247,0.69222,0.95508
rotom-wash,0.56745,1.68778,0.07079
mienshao,0.48225,0.14468,0.09754
hitmontop,0.44831,,0.27462
milotic,0.41164,4.16544,0.55265
hydreigon,0.38608,3.26093,0.05332
jellicent,0.38214,,
ludicolo,0.33429,0.53027,0.06202
persian-alola,0.3081,0.14897,0.0209
dracovish,0.29905,,
liepard,0.29312,,
hatterene,0.28515,1.37106,2.03637
zapdos-galar,0.28285,0.72719,0.97368
arcanine,0.26863,21.3707,0.10139
garchomp,0.26759,7.23997,0.20464
talonflame,0.25896,12.80519,0.29476
marowak-alola,0.25416,,
thundurus-therian,0.24761,1.39905,0.17925
dragonite,0.24606,15.01609,10.52673
braviary,0.24137,0.06911,0.01614
regidrago,0.22145,5.93283,2.34267
riolu,0.21937,0.0,0.05794
landorus,0.21915,3.71531,17.08534
chansey,0.20912,0.00722,0.00417
oranguru,0.20782,0.95465,0.51978
shuckle,0.20286,,
togedemaru,0.19747,,
registeel,0.18498,,0.92964
rhyperior,0.17852,,0.37764
alcremie,0.17496,,0.1397
pikachu,0.15854,0.00831,0.09502
raikou,0.15819,,0.15887
articuno-galar,0.14347,0.77831,0.16038
excadrill,0.13112,,0.70122
diggersby,0.1213,,
pelipper,0.12019,5.51125,3.96501
darmanitan-galar,0.11772,,
gyarados,0.11423,1.22696,0.72103
salamence,0.11024,0.91174,0.32471
ninetales-alola,0.10998,8.36146,1.41708
giratina-origin,0.10871,,0.10395
mudsdale,0.10411,0.37355,0.0961
centiskorch,0.10337,,
chandelure,0.10225,0.59007,0.08135
snorlax,0.09956,1.07291,0.12706
drifblim,0.09765,0.0,0.36885
mewtwo,0.09673,,0.10214
tyranitar,0.09196,5.91237,1.83539
necrozma-dawn-wings,0.09109,,0.38148
krookodile,0.08989,0.05333,0.01055
primarina,0.08982,,2.54596
greedent,0.08851,0.00042,0.00123
politoed,0.086,1.72843,0.3112
weavile,0.08566,0.03885,0.03702
jynx,0.08565,,
clefable,0.08481,0.14252,0.02832
haxorus,0.07952,0.03509,0.01502
giratina,0.07543,,0.04594
latios,0.07504,,0.54428
meowstic,0.07185,,0.09186
azumarill,0.06595,1.82885,0.17367
nihilego,0.06592,,
dracozolt,0.06513,,
cresselia,0.06466,23.75665,4.16931
latias,0.0604,,2.41745
kangaskhan,0.06004,,
runerigus,0.05966,,
cherrim,0.05737,,
cofagrigus,0.05676,,
swampert,0.05529,,0.03132
kyurem-black,0.05505,,0.14599
rotom-mow,0.05405,0.11693,0.00534
toxapex,0.05404,0.39142,0.05043
scrafty,0.05289,,0.02513
toxicroak,0.0002,0.0,0.05087
scizor,0.05268,2.51191,0.46289
bisharp,0.04871,0.046,0.00579
weezing-galar,0.04753,1.12353,0.31882
terrakion,0.04564,,0.95251
frosmoth,0.04544,0.04684,0.03373
gengar,0.04475,0.0,0.03635
butterfree,0.04471,,
marowak,0.04387,,
sylveon,0.04294,6.7173,0.55911
escavalier,0.04285,,
delibird,0.0,0.01117,0.0
heliolisk,0.04229,,
barraskewda,0.03942,0.83623,0.01589
corviknight,0.03858,2.24481,0.95373
naganadel,0.03672,,
brionne,0.0,,0.0
duraludon,0.03485,,0.03373
pincurchin,0.03405,0.74133,0.05723
crobat,0.03343,,
cobalion,0.03244,,0.03285
aerodactyl,0.03223,,
klefki,0.03152,0.60745,0.0955
turtonator,0.03085,,
zoroark,0.03047,0.0166,0.00486
aegislash,0.02956,,
conkeldurr,0.02901,0.41986,0.03591
lurantis,0.02872,0.0,0.07707
inteleon,0.02842,0.03641,0.0124
accelgor,0.02835,,
slowbro,0.02799,0.05157,0.02571
tapu-bulu,0.0,,
moltres,0.0,0.18912,0.00767
lilligant,0.02567,1.45476,0.03788
magnezone,0.02556,0.53674,0.00722
blacephalon,0.02514,,
salazzle,0.02481,0.13971,0.01875
togetic,0.02331,,
cradily,0.02295,,
dugtrio,0.02237,0.02947,0.00138
malamar,0.02161,,0.19024
abomasnow,0.02136,1.62952,0.06627
heatran,0.02119,29.74608,1.86175
noivern,0.00106,0.03328,0.00475
toxtricity,0.02022,0.16847,0.00864
steelix,0.0,,
dhelmise,0.01815,,
jolteon,0.01735,0.01662,0.00748
mantine,0.01735,,
luxray,0.01722,0.03165,0.00736
torracat,0.0,,0.00602
durant,0.01686,,
golduck,0.01611,0.02501,0.01269
ribombee,0.01587,0.03048,0.04482
lotad,0.0,0.0,0.0
porygon-z,0.01407,,0.06244
obstagoon,0.01258,,
mandibuzz,0.01191,0.12325,0.01094
gigalith,0.0116,,
nidoking,0.01135,,
charjabug,0.01118,0.05135,0.00431
drapion,0.01102,,
buzzwole,0.01071,,
appletun,0.01058,0.02521,0.00131
jigglypuff,0.01032,2e-05,0.00064
caterpie,0.0,,
zamazenta,0.01022,,0.01179
lucario,0.01006,0.08553,0.05454
farfetch'd,0.0,,
sigilyph,0.00997,,
eldegoss,0.00981,,
stonjourner,0.00973,0.29701,0.01344
perrserker,0.00952,0.11305,0.02694
glaceon,0.00946,0.10547,0.03176
shiftry,0.00936,0.91003,0.0761
mr.-rime,0.00889,,
tangrowth,0.00883,,
leafeon,0.0,0.02129,0.00301
clawitzer,0.00846,0.28275,0.00473
flygon,0.0,,0.00894
goodra,0.00792,0.05327,0.01084
audino,0.00778,,
decidueye,0.0077,0.03489,0.01204
lickilicky,0.0,,
alakazam,0.00749,,
machamp,0.00738,,
dedenne,0.00726,0.00068,0.00274
vikavolt,0.0,0.29709,0.03409
cursola,0.00681,,
gardevoir,0.00658,0.64392,0.03996
aromatisse,0.0,,
gallade,0.00619,0.57841,1.02223
arctozolt,0.00608,,
drampa,0.00596,,
boltund,0.00596,,
crawdaunt,0.00593,0.06258,0.01103
exeggutor,0.0059,,0.07766
trevenant,0.00584,0.04667,0.0073
exeggutor-alola,0.00577,,0.06737
regirock,0.00564,,0.02914
raichu-alola,0.00562,0.0096,0.00836
xurkitree,0.00558,,
slowking-galar,0.00544,0.11105,0.03606
slowbro-galar,0.00542,0.03762,0.01184
drednaw,0.03444,0.71084,0.00898
kabutops,0.00512,,
ninjask,0.00493,,
uxie,0.0,0.19074,0.01742
vaporeon,0.00484,0.42939,0.00777
blaziken,0.00474,,0.12005
cloyster,0.00468,0.0565,0.00195
espeon,0.00465,0.01149,0.03198
ninetales,0.00462,0.89173,0.26427
zacian,0.00451,,0.10091
lycanroc-dusk,0.00451,0.01247,0.00203
articuno,0.00441,0.25015,0.14175
stoutland,0.00439,,
manectric,0.0,,
spritzee,0.0,,
reuniclus,0.0041,,0.08821
sirfetch'd,0.00401,,
vanilluxe,0.0,,
lunatone,0.0,,
golisopod,0.00392,,
flareon,0.0001,0.00235,0.00082
wigglytuff,1e-05,0.01243,0.00096
regice,0.0,,0.14491
quagsire,0.0,0.00549,0.00102
guzzlord,0.0035,,
mr.-mime-galar,0.0,,
archeops,0.00348,,
starmie,0.0,,
sudowoodo,0.0,0.0,0.00018
froslass,0.00326,0.01308,0.00909
kommo-o,0.00324,3.64543,0.60637
orbeetle,0.0,,
corsola-galar,0.00316,,
scolipede,0.00307,,
rhydon,1e-05,,0.01743
eiscue,7e-05,0.01067,0.0026
sceptile,0.00277,,0.10106
poliwrath,0.00276,0.03525,0.00365
kingler,0.00258,,
sneasel,0.0025,0.00046,0.00567
basculin,0.0,8e-05,0.0
rapidash,0.0,,
blissey,0.00243,0.00559,0.00862
qwilfish,0.00243,0.0,0.0
doublade,0.0,,
darmanitan,0.00235,,
hippowdon,0.00233,0.02647,0.00792
galvantula,0.00232,,0.01135
lopunny,0.0,,
swoobat,0.00216,,
altaria,0.00028,0.0406,0.00669
palossand,0.002,0.01431,0.01501
dusknoir,0.00194,0.0336,0.00104
aggron,0.00191,,
azelf,0.00188,0.14736,0.01523
tornadus-therian,0.0,0.02164,0.00933
morpeko,0.0,0.00579,0.00121
emolga,3e-05,,
seaking,0.00183,,
unfezant,0.0,,
tangela,0.00165,,
hawlucha,0.00163,1.14419,0.00549
flapple,0.00154,0.01783,0.00049
heatmor,0.0,,
klinklang,0.0,,
garbodor,2e-05,,
dragalge,0.00147,0.04962,0.00892
gourgeist,0.0,,
beartic,0.00142,0.06871,0.00493
dugtrio-alola,0.0,0.00079,0.0001
cosmog,0.0,,1e-05
maractus,0.00137,,
koffing,0.0,0.00152,2e-05
thievul,0.0,,
arctovish,0.00131,,
spiritomb,0.0013,0.22041,0.00867
trapinch,0.0,,0.00218
pangoro,0.0,,
scyther,0.00159,0.00649,0.00488
bellossom,0.0,,0.00233
nidoqueen,3e-05,,
crustle,0.00012,,
omastar,0.00116,,
passimian,0.00113,0.0,0.00132
cottonee,0.0,,5e-05
gourgeist-small,0.0011,,
tauros,0.00109,0.00101,0.00168
electivire,0.00107,,0.03329
octillery,0.0,,
bronzor,0.0,0.0,0.0
shiinotic,0.00096,,
slurpuff,0.0,,
tentacruel,1e-05,,0.00485
falinks,0.00088,0.0018,0.00286
roserade,9e-05,,
armaldo,0.0008,,
rapidash-galar,0.0,,
gothorita,0.0,0.04104,0.03877
polteageist,0.00076,0.01387,0.00246
lycanroc,0.0,1.21018,0.69384
sandaconda,0.00074,0.01599,0.00275
baltoy,0.0,,
skuntank,0.0,0.00958,0.0
virizion,0.00069,,0.01153
cosmoem,0.0,,0.00043
pyukumuku,0.00063,,
rotom-frost,0.0,0.11637,0.00079
linoone,0.0,,
dubwool,0.0,,
exploud,0.0006,,
carbink,0.0006,0.03079,0.00591
cryogonal,0.0,0.0,0.00959
lickitung,0.0,,
beheeyem,0.0,,
avalugg,0.00053,0.00455,0.00549
miltank,0.0,,
mesprit,0.0,0.06297,0.0014
magmortar,0.0,,0.04367
golurk,0.0,,0.01272
hitmonchan,0.0,,0.00134
mr.-mime,0.00047,,
feebas,0.0,0.0,0.0
cramorant,0.00025,0.01964,0.07541
snom,0.0,0.0,0.0
hitmonlee,0.0,,0.00557
porygon,0.0,,0.0
metapod,0.0,,
druddigon,0.0,,
zygarde-10%,0.00034,,
grapploct,0.00034,,
absol,0.0,,
aurorus,0.0,,
carracosta,0.00032,,
cinccino,0.00031,,0.01714
gourgeist-super,0.00031,,
sandslash-alola,0.0003,0.1416,0.00712
skrelp,0.0,0.0,0.0
morgrem,0.0,0.0,0.0
musharna,8e-05,,
rowlet,0.0,0.0,0.0
wishiwashi,0.0,,
haunter,0.0,0.0,1e-05
throh,0.0,,
sharpedo,0.0,,
slowking,0.00019,0.08981,0.09133
skarmory,0.00017,,0.00795
vileplume,0.0,,0.00475
remoraid,0.0,,
bewear,0.00015,,
drizzile,0.0,0.0,0.0
magmar,0.0,,0.43853
copperajah,0.00014,0.0,0.0029
stunfisk,0.0,,
lanturn,0.0,,0.00762
fletchling,0.0,1e-05,0.0
herdier,0.0,,
charmeleon,0.0,0.0,0.0
necrozma,0.0,,0.00054
kyurem,8e-05,,0.00046
calyrex,0.0,,0.00028
walrein,0.0,,
rotom-fan,0.0,0.00023,1e-05
dottler,0.0,,
bouffalant,6e-05,,
impidimp,0.0,0.0,0.0
munchlax,0.0,0.00032,0.00059
grookey,0.0,0.0,0.0
claydol,5e-05,,
magneton,0.0,0.00409,0.00042
ponyta-galar,0.0,,
ralts,0.0,0.0,0.0
charmander,0.0,0.0,0.0
heracross,3e-05,0.00242,0.00765
wobbuffet,1e-05,,
lycanroc-midnight,0.0,0.01347,0.0005
tyrantrum,0.0,,
magikarp,0.0,0.0,0.0
aron,0.0,,
lombre,0.0,0.0,0.0
slowpoke-galar,0.0,2e-05,0.0
azurill,0.0,0.0,0.0
tyrogue,0.0,,0.0
whiscash,0.0,0.0,6e-05
solrock,0.0,,
klang,0.0,,
gloom,0.0,,0.00022
happiny,0.0,0.0,0.0
snorunt,0.0,0.0,0.0
sandslash,0.0,0.00383,0.0
solosis,0.0,,0.0
mawile,0.0,,
duskull,0.0,0.0,0.0
squirtle,0.0,,0.0
bulbasaur,0.0,,0.0
frillish,0.0,,
dunsparce,1e-05,0.00135,4e-05
barbaracle,0.0,,
mudkip,0.0,,0.0
anorith,0.0,,
diglett,0.0,0.0,0.0
pichu,0.0,0.0,0.0
magnemite,0.0,0.0,0.0
combee,0.0,0.0,0.0
rotom,0.0,0.0,0.0
onix,0.0,,
thwackey,0.0,0.0,0.0
duosion,0.0,,0.0
wailord,0.0,,
eevee,0.0,0.0,0.0
xatu,0.0,,
zigzagoon,0.0,,
swirlix,0.0,,
glalie,0.0,0.0183,0.00014
persian,0.0,0.01124,0.00063
woobat,0.0,,
mantyke,0.0,,
hippopotas,0.0,0.0,0.0
linoone-galar,0.0,,
corsola,0.0,,
oddish,0.0,,0.0
gurdurr,0.0,1e-05,0.0
psyduck,0.0,0.0,1e-05
wartortle,0.0,,0.00017
foongus,0.0,0.0,0.00013
ferroseed,0.0,,
roselia,0.0,,
whismur,0.0,,
wooper,0.0,0.0,0.0
zubat,0.0,,
ivysaur,0.0,,0.0
vespiquen,0.0,0.0,2e-05
rufflet,0.0,0.0,0.0
vulpix-alola,0.0,0.00027,0.0
kubfu,0.0,0.0,0.0
meowth,0.0,0.0,0.0
tirtouga,0.0,,
kadabra,0.0,,
pumpkaboo-super,0.0,,
scraggy,0.0,,0.0
inkay,0.0,,0.0
gastly,0.0,0.0,0.0
relicanth,0.0,,
honedge,0.0,,
rookidee,0.0,0.0,0.0
yamper,0.0,,
sealeo,0.0,,
marill,0.0,0.0,0.0
machoke,0.0,,
larvesta,0.0,0.0,0.0
sliggoo,0.0,0.0,0.0
scorbunny,0.0,0.0,0.0
electabuzz,0.0,,0.11324
sinistea,0.0,0.0,0.0
purrloin,0.0,,
gourgeist-large,0.0,,
gabite,0.0,0.0,0.0
stunfisk-galar,0.0,,
boldore,0.0,,
arrokuda,0.0,0.0,0.0
drakloak,0.0,0.0,0.0
sawk,0.0,,
grovyle,0.0,,0.0
lampent,0.0,0.0,0.0
vulpix,0.0,1e-05,0.0
joltik,0.0,,0.0
piloswine,0.0,0.02666,0.0
snover,0.0,0.0,0.0
combusken,0.0,,0.0
marshtomp,0.0,,0.0
sandygast,0.0,0.0,0.0
slowpoke,0.0,0.02128,0.0022
wynaut,0.0,,
noctowl,0.0,0.00113,5e-05
zweilous,0.0,0.0,0.0
wimpod,0.0,,
yamask,0.0,,
wooloo,0.0,,
fletchinder,0.0,0.0,0.0
cufant,0.0,0.0,0.0
binacle,0.0,,
applin,0.0,0.0,0.0
cutiefly,0.0,0.0,0.0
minccino,0.0,,0.0
goldeen,0.0,,
poliwhirl,0.0,0.0,1e-05
dartrix,0.0,0.0,0.0
salandit,0.0,0.0,0.0
togepi,0.0,,
bergmite,0.0,0.0,0.0
treecko,0.0,,0.0
cherubi,0.0,,
chinchou,0.0,,0.0
cleffa,0.0,3e-05,0.0
mareanie,0.0,0.0,0.0
poipole,0.0,,
wingull,0.0,0.0,0.0
staryu,0.0,,
pidove,0.0,,
budew,0.0,,
grubbin,0.0,0.0,0.0
abra,0.0,,
litten,0.0,,0.0
pawniard,0.0,0.0,0.0
electrike,0.0,,
phantump,0.0,0.0,0.0
spheal,0.0,,
sobble,0.0,0.0,0.0
larvitar,0.0,0.0,0.0
hattrem,0.0,0.0,0.0
golbat,0.0,,
carvanha,0.0,,
shellder,0.0,0.0,0.0
chewtle,0.0,0.0,0.0
dratini,0.0,0.0,0.0
bonsly,0.0,0.0,0.0
pinsir,0.0,,
shelgon,0.0,0.0,0.0
clauncher,0.0,0.0,0.0
raboot,0.0,0.0,0.0
drifloon,0.0,0.0,0.0
milcery,0.0,,0.0
rockruff,0.0,0.0,0.0
blipbug,0.0,,
yamask-galar,0.0,,
corvisquire,0.0,0.0,0.0
shinx,0.0,0.0,0.0
dragonair,0.0,0.0,0.0
wailmer,0.0,,
lileep,0.0,,
shelmet,0.0,,
sizzlipede,0.0,,
vibrava,0.0,,0.0
luxio,0.0,0.0,0.0
darumaka,0.0,,
tyrunt,0.0,,
litwick,0.0,0.0,0.0
poliwag,0.0,0.0,0.0
amaura,0.0,,
lairon,0.0,,
metang,0.0,,0.0
torchic,0.0,,0.0
cubone,0.0,,
swablu,0.0,0.0,0.0
farfetch'd-galar,0.0,,
nuzleaf,0.0,0.0,0.0
timburr,0.0,0.0,0.0
vanillish,0.0,,
kirlia,0.0,0.0,0.0
exeggcute,0.0,,0.0
krabby,0.0,,
rhyhorn,0.0,,0.0
toxel,0.0,0.0,0.0
lillipup,0.0,,
silicobra,0.0,0.0,0.0
mime-jr.,0.0,,
seedot,0.0,0.0,0.0
buneary,0.0,,
roggenrola,0.0,,
klink,0.0,,
zorua,0.0,0.0,0.0
carkol,0.0,0.0,0.0
popplio,0.0,,0.0
nidoranf,0.0,,
archen,0.0,,
nidoranm,0.0,,
espurr,0.0,,0.0
diglett-alola,0.0,0.0,0.0
pumpkaboo,0.0,,
bunnelby,0.0,,
barboach,0.0,0.0,0.0
cubchoo,0.0,0.0,0.0
venipede,0.0,,
darumaka-galar,0.0,,
ponyta,0.0,,
sandshrew,0.0,0.0,0.0
gothita,0.0,0.0,0.0
magby,0.0,,0.0
swinub,0.0,0.0,0.0
shellos,0.0,0.0,0.0
corphish,0.0,0.0,0.0
trubbish,0.0,,
croagunk,0.0,0.0,0.0
whirlipede,0.0,,
omanyte,0.0,,
smoochum,0.0,,
dwebble,0.0,,
fraxure,0.0,0.0,0.0
morelull,0.0,,
bagon,0.0,0.0,0.0
dewpider,0.0,,0.0
growlithe,0.0,0.0,0.0
tentacool,0.0,,0.0
mienfoo,0.0,0.0,0.0
krokorok,0.0,0.0,0.0
clobbopus,0.0,,
fomantis,0.0,0.0,0.0
zigzagoon-galar,0.0,,
vanillite,0.0,,
natu,0.0,,
machop,0.0,,
nickit,0.0,,
sandshrew-alola,0.0,0.0,0.0
elgyem,0.0,,
elekid,0.0,,0.0
mudbray,0.0,0.0,0.0
deino,0.0,0.0,0.0
jangmo-o,0.0,0.0,0.0
pumpkaboo-large,0.0,,
beldum,0.0,,0.0
bounsweet,0.0,0.0,0.0
igglybuff,0.0,0.0,0.0
stufful,0.0,,
sandile,0.0,0.0,0.0
meowth-alola,0.0,0.0,0.0
pancham,0.0,,
karrablast,0.0,,
kabuto,0.0,,
helioptile,0.0,,
goomy,0.0,0.0,0.0
hakamo-o,0.0,0.0,0.0
munna,0.0,,
palpitoad,0.0,,
skwovet,0.0,0.0,0.0
meowth-galar,0.0,0.0,0.0
tranquill,0.0,,
drilbur,0.0,,0.0
golett,0.0,,0.0
seadra,0.0,,0.0
skorupi,0.0,,
gible,0.0,0.0,0.0
hoothoot,0.0,0.0,0.0
nincada,0.0,,
horsea,0.0,,0.0
petilil,0.0,0.0,0.0
gossifleur,0.0,,
vullaby,0.0,0.0,0.0
nidorina,0.0,,
axew,0.0,0.0,0.0
stunky,0.0,0.0,0.0
pumpkaboo-small,0.0,,
hatenna,0.0,0.0,0.0
steenee,0.0,0.0,0.0
dreepy,0.0,0.0,0.0
loudred,0.0,,
pupitar,0.0,0.0,0.0
nidorino,0.0,,
tympole,0.0,,
rolycoly,0.0,0.0,0.0
noibat,0.0,0.0,0.0
flutter-mane,,48.26432,59.4371
iron-hands,,40.0502,7.43518
iron-bundle,,35.91122,1.95625
gholdengo,,27.27998,8.18848
tatsugiri,,20.08095,8.95051
dondozo,,20.03772,9.41108
roaring-moon,,19.51311,3.09517
armarouge,,17.40954,1.51837
kingambit,,16.70045,6.41698
brute-bonnet,,16.4189,0.22432
great-tusk,,14.98693,0.12689
garganacl,,14.18784,0.37378
maushold,,10.07058,0.60788
annihilape,,8.87721,2.36712
meowscarada,,8.53101,0.16802
murkrow,,7.86464,0.17628
iron-moth,,7.25799,0.10848
sandy-shocks,,6.73651,0.108
baxcalibur,,5.99188,1.1033
palafin,,5.58393,0.2011
farigiraf,,5.38049,16.52409
glimmora,,4.9265,10.145
tauros-paldea-aqua,,4.7291,0.03032
scream-tail,,4.08466,0.96318
ceruledge,,2.39073,0.09082
espathra,,2.31616,0.11137
pawmot,,2.10739,0.02016
iron-jugulis,,1.43599,0.17188
iron-valiant,,1.41107,0.31759
tauros-paldea-blaze,,1.3573,0.02578
hariyama,,1.18322,0.06518
skeledirge,,1.12313,0.05681
tinkaton,,0.88283,0.75995
iron-treads,,0.78566,0.04898
iron-thorns,,0.77294,0.01672
kilowattrel,,0.75108,0.04445
breloom,,0.70696,0.04988
slither-wing,,0.69744,0.03125
jumpluff,,0.54504,0.159
bellibolt,,0.49754,0.02813
orthworm,,0.42344,0.33401
vivillon,,0.0,0.01279
quaquaval,,0.34212,0.01712
cetitan,,0.30966,0.01949
arboliva,,0.28651,0.02878
floatzel,,0.28577,0.0029
toedscruel,,0.26261,0.0115
houndstone,,0.24959,0.05901
scovillain,,0.2182,0.01557
flamigo,,0.18744,0.79832
clodsire,,0.1807,0.04868
cyclizar,,0.16547,0.00631
dachsbun,,0.15557,0.01069
rabsca,,0.15032,0.03631
medicham,,0.13938,0.03728
bruxish,,0.12585,0.25373
electrode,,0.10801,0.00041
staraptor,,0.08793,0.06327
grafaiai,,0.08563,0.02028
dudunsparce,,0.06809,0.03704
oricorio-sensu,,0.06746,0.02978
eelektross,,0.06318,0.00403
slaking,,0.05882,0.02083
oricorio-pom-pom,,0.05796,0.00786
mismagius,,0.05532,0.00167
tropius,,0.05184,0.00319
ursaring,,0.0508,2e-05
squawkabilly,,0.05076,0.00686
lokix,,0.04147,0.00223
pachirisu,,0.03379,0.01436
revavroom,,0.03304,0.00318
brambleghast,,0.03142,0.08574
florges,,0.02937,0.054
ampharos,,0.0258,0.00596
bombirdier,,0.01862,0.00145
camerupt,,0.01802,0.00746
sunflora,,0.00056,0.00112
masquerain,,0.01418,0.00334
donphan,,0.01344,0.00062
stantler,,0.01101,0.00425
hypno,,0.00997,0.0
muk,,0.00064,0.00015
crabominable,,0.0092,0.01238
alomomola,,0.00816,0.00376
honchkrow,,0.00727,0.00165
sawsbuck,,0.0072,0.00345
lumineon,,0.0063,0.01829
forretress,,0.00501,0.00282
cacturne,,0.00493,0.00021
mabosstiff,,0.00471,8e-05
venomoth,,0.00453,0.00016
houndoom,,0.00433,0.00058
girafarig,,0.0,0.00093
toedscool,,8e-05,0.00016
misdreavus,,0.00276,0.0111
wugtrio,,0.00257,0.00134
swalot,,0.0,0.0
skiploom,,0.0,0.0
sprigatito,,0.0,0.0
spidops,,0.0008,0.00124
veluza,,0.0017,0.00275
primeape,,0.00163,0.00747
eelektrik,,0.0,0.0
oricorio,,0.00101,0.00142
vigoroth,,0.0,0.0
klawf,,0.00087,2e-05
komala,,0.00073,0.0
pyroar,,0.0007,6e-05
banette,,0.00069,7e-05
grumpig,,0.0006,0.00121
oinkologne-f,,0.0,1e-05
venonat,,0.0,0.0
bramblin,,0.0,0.0
oricorio-pa'u,,0.0,2e-05
gogoat,,0.00044,0.00162
zangoose,,0.00043,2e-05
spewpa,,0.0,0.0
finizen,,0.0,0.0
crocalor,,0.0,0.0
floragato,,0.0,0.0
gumshoos,,3e-05,0.0
tandemaus,,0.0,0.0
oinkologne,,0.0,1e-05
numel,,0.0,1e-05
tauros-paldea-combat,,0.0,2e-05
charcadet,,0.0,0.0
naclstack,,0.0,0.0
kricketune,,0.0,0.0
shroodle,,0.0,0.0
wooper-paldea,,0.0,0.0
cetoddle,,0.0,0.0
glimmet,,0.0,0.0
gimmighoul,,0.0,0.0
meditite,,0.0,0.0
phanpy,,0.0,0.0
seviper,,0.0,0.0
sunkern,,0.0,0.0
shroomish,,0.0,0.0
fidough,,0.0,0.0
surskit,,0.0,0.0
wattrel,,0.0,0.0
makuhita,,0.0,0.0
drowzee,,0.0,0.0
skiddo,,0.0,0.0
lechonk,,0.0,0.0
maschiff,,0.0,0.0
varoom,,0.0,0.0
frigibax,,0.0,0.0
gulpin,,0.0,0.0
mareep,,0.0,0.0
mankey,,0.0,0.0
fuecoco,,0.0,0.0
tinkatink,,0.0,0.0
smoliv,,0.0,0.0
quaxly,,0.0,0.0
arctibax,,0.0,0.0
luvdisc,,0.0,1e-05
spoink,,0.0,0.0
dolliv,,0.0,0.0
finneon,,0.0,0.0
floette,,0.0,0.0
buizel,,0.0,0.0
staravia,,0.0,0.0
starly,,0.0,0.0
pineco,,0.0,0.0
flaaffy,,0.0,0.0
voltorb,,0.0,0.0
teddiursa,,0.0,0.0
pawmo,,0.0,0.0
pawmi,,0.0,0.0
rellor,,0.0,0.0
grimer,,0.0,0.0
cacnea,,0.0,0.0
flittle,,0.0,0.0
tadbulb,,0.0,0.0
yungoos,,0.0,0.0
litleo,,0.0,0.0
greavard,,0.0,0.0
nacli,,0.0,0.0
deerling,,0.0,0.0
tinkatuff,,0.0,0.0
tynamo,,0.0,0.0
scatterbug,,0.0,0.0
houndour,,0.0,0.0
wiglett,,0.0,0.0
capsakid,,0.0,0.0
hoppip,,0.0,0.0
nymble,,0.0,0.0
tarountula,,0.0,0.0
flabebe,,0.0,0.0
zoroark-hisui,,0.00153,0.49756
quaxwell,,0.0,0.0
slakoth,,0.0,0.0
shuppet,,0.0,0.0
kricketot,,0.0,0.0
zorua-hisui,,0.0,0.0
crabrawler,,0.0,0.0
chi-yu,,37.43244,11.29759
ting-lu,,34.01782,2.70101
chien-pao,,31.75851,23.64677
wo-chien,,16.97695,0.2387
ursaluna,,18.843,3.61115
goodra-hisui,,9.21984,1.12362
basculegion,,6.35371,0.7011
enamorus-therian,,4.74553,0.58846
arcanine-hisui,,3.89183,3.26922
sneasler,,3.57246,0.58493
lilligant-hisui,,3.478,0.97988
enamorus,,3.10634,0.22936
kleavor,,2.68497,0.03425
typhlosion-hisui,,1.08423,0.09273
overqwil,,0.54256,0.03725
samurott-hisui,,0.53223,0.02996
wyrdeer,,0.39539,0.02855
chesnaught,,0.32165,0.01071
decidueye-hisui,,0.25838,0.01894
muk-alola,,0.25071,0.75696
greninja,,0.23,0.05375
braviary-hisui,,0.21846,0.0097
avalugg-hisui,,0.13614,0.00495
qwilfish-hisui,,0.13226,0.00605
typhlosion,,0.12151,0.00632
basculegion-f,,0.09413,0.01925
electrode-hisui,,0.0931,0.00596
delphox,,0.04391,0.02155
samurott,,0.00776,0.00024
sliggoo-hisui,,0.00165,0.0
oshawott,,0.0,0.0
sneasel-hisui,,1e-05,5e-05
braixen,,0.0,0.0
cyndaquil,,0.0,0.0
growlithe-hisui,,0.0,0.0
voltorb-hisui,,0.0,0.0
quilava,,0.0,0.0
dewott,,0.0,0.0
frogadier,,0.0,0.0
quilladin,,0.0,0.0
chespin,,0.0,0.0
gimmighoul-roaming,,0.0,0.0
grimer-alola,,0.0,0.0
fennekin,,0.0,0.0
froakie,,0.0,0.0
ogerpon-hearthflame,,0.00143,9.1193
ogerpon-wellspring,,18.28429,35.07103
sinistcha,,14.13466,1.52983
ursaluna-bloodmoon,,9.73372,13.66696
ogerpon,,4.49847,3.3219
okidogi,,3.8378,0.89916
ogerpon-cornerstone,,3.1175,2.64764
empoleon,,2.74108,0.21891
fezandipiti,,1.98453,0.25786
munkidori,,1.18178,0.05182
illumise,,0.41323,0.01111
dipplin,,0.34774,0.01063
torterra,,0.28781,0.02606
gliscor,,0.264,0.01988
infernape,,0.16735,0.01982
golem-alola,,0.11525,0.05107
volbeat,,0.10653,0.03474
ambipom,,0.09074,0.01539
arbok,,0.04876,0.00779
furret,,0.033,0.00428
victreebel,,0.02946,0.00202
probopass,,0.0282,0.00124
golem,,0.02096,0.00182
yanmega,,0.01989,0.00995
leavanny,,0.00706,0.00031
poltchageist,,0.00688,0.0
chimecho,,0.00405,1e-05
mightyena,,0.00347,1e-05
spinarak,,0.00302,0.0
ariados,,0.00294,0.00382
magcargo,,0.00287,0.00048
grotle,,0.00139,0.0
swanna,,0.00055,0.0
bellsprout,,0.0,0.0
gligar,,0.00025,0.0
graveler,,0.0,0.0
graveler-alola,,0.00017,0.0
nosepass,,0.00011,0.0
swadloon,,0.0,0.0
ekans,,5e-05,0.0
piplup,,5e-05,0.0
sentret,,0.0,0.0
yanma,,2e-05,0.0
turtwig,,0.0,0.0
prinplup,,1e-05,0.0
chimchar,,0.0,0.0
chingling,,0.0,0.0
aipom,,0.0,0.0
weepinbell,,0.0,0.0
slugma,,0.0,0.0
monferno,,0.0,0.0
ducklett,,0.0,0.0
geodude,,0.0,0.0
geodude-alola,,0.0,0.0
poochyena,,0.0,0.0
sewaddle,,0.0,0.0
raging-bolt,,,26.14914
iron-crown,,,7.84895
archaludon,,,7.53966
gouging-fire,,,5.59335
walking-wake,,,3.13596
smeargle,,,1.24201
iron-boulder,,,0.76113
hydrapple,,,0.3487
serperior,,,0.34286
iron-leaves,,,0.13521
rampardos,,,0.13404
bastiodon,,,0.04438
feraligatr,,,0.03425
dewgong,,,0.02417
meganium,,,0.0
emboar,,,0.01992
minior,,,0.01911
granbull,,,0.01013
toucannon,,,0.00347
dodrio,,,0.00376
zebstrika,,,0.00333
plusle,,,0.00076
minun,,,1e-05
pignite,,,0.0
snubbull,,,0.0
blitzle,,,0.0
cranidos,,,0.0
bayleef,,,0.0
tepig,,,0.0
servine,,,0.0
seel,,,0.0
shieldon,,,0.0
croconaw,,,0.0
doduo,,,0.0
trumbeak,,,0.0
snivy,,,0.0
pikipek,,,0.0
totodile,,,0.0
chikorita,,,0.0
terapagos,,,11.39173
miraidon,,,6.69576
koraidon,,,5.16294
dialga-origin,,,0.76042
palkia-origin,,,0.21694
